{
    "collections": [
        {
            "elements": [
                [
                    "User Name",
                    "/html/body[1]/form[1]/div[1]/div[3]/div[1]/div[1]/div[4]/div[1]/input[1]",
                    "//input[@id='j_username']",
                    "j_username",
                    "input",
                    "type: text; "
                ],
                [
                    "Password",
                    "/html/body[1]/form[1]/div[1]/div[3]/div[1]/div[1]/div[4]/div[1]/input[2]",
                    "//input[@id='j_password']",
                    "j_password",
                    "input",
                    "type: password; "
                ],
                [
                    "name: SignIn",
                    "/html/body[1]/form[1]/div[1]/div[3]/div[1]/div[1]/div[4]/div[1]/a[1]",
                    "//a[@id='SignIn']",
                    "SignIn",
                    "a",
                    "class: button button-primary; href: javascript:login();; "
                ]
            ],
            "collectionName": "Login"
        },
        {
            "elements": [
                [
                    "New Quote Lable",
                    "",
                    "//*[@id=\"QuickAction_NewQuote_Holder\"]/span",
                    "",
                    "",
                    ""
                ],
                [
                    "Effective Date",
                    "",
                    "",
                    "QuickAction_EffectiveDt",
                    "",
                    ""
                ],
                [
                    "State",
                    "",
                    "",
                    "QuickAction_StateCd",
                    "",
                    ""
                ],
                [
                    "Start Button",
                    "",
                    "",
                    "QuickAction_NewQuote",
                    "",
                    ""
                ],
                [
                    "HomeOwners",
                    "",
                    "//*[@id=\"ProductSelectionList\"]/table/tbody/tr[2]/td[1]/a",
                    "",
                    "",
                    ""
                ]
            ],
            "collectionName": "New Quote"
        },
        {
            "elements": [
                [
                    "Producer Code Search",
                    "",
                    "//*[@id=\"PolicyGeneral\"]/table[1]/tbody/tr[3]/td/table/tbody/tr/td[2]/a",
                    "",
                    "",
                    ""
                ],
                [
                    "Search",
                    "",
                    "",
                    "Search",
                    "",
                    ""
                ],
                [
                    "New Producer",
                    "",
                    "//*[@id=\"ProducerList\"]/table/tbody/tr[6]/td[3]/a",
                    "",
                    "",
                    ""
                ],
                [
                    "Entity Type",
                    "",
                    "",
                    "Insured.EntityTypeCd",
                    "",
                    ""
                ],
                [
                    "Form",
                    "",
                    "",
                    "Line.FormType",
                    "",
                    ""
                ],
                [
                    "Insured First Name",
                    "",
                    "",
                    "InsuredName.GivenName",
                    "",
                    ""
                ],
                [
                    "Insured Last Name",
                    "",
                    "",
                    "InsuredName.Surname",
                    "",
                    ""
                ],
                [
                    "Insured DOB",
                    "",
                    "",
                    "InsuredPersonal.BirthDt",
                    "",
                    ""
                ],
                [
                    "Insured SSN",
                    "",
                    "",
                    "InsuredTaxInfo.SSN",
                    "",
                    ""
                ],
                [
                    "Addr Number",
                    "",
                    "",
                    "InsuredLookupAddr.PrimaryNumber",
                    "",
                    ""
                ],
                [
                    "Addr Street",
                    "",
                    "",
                    "InsuredLookupAddr.StreetName",
                    "",
                    ""
                ],
                [
                    "City",
                    "",
                    "",
                    "InsuredLookupAddr.City",
                    "",
                    ""
                ],
                [
                    "Addr State",
                    "",
                    "",
                    "InsuredLookupAddr.StateProvCd",
                    "",
                    ""
                ],
                [
                    "Addr ZIP",
                    "",
                    "",
                    "InsuredLookupAddr.PostalCode",
                    "",
                    ""
                ],
                [
                    "Mailing Addr 1",
                    "",
                    "",
                    "InsuredMailingAddr.Addr1",
                    "",
                    ""
                ],
                [
                    "Mailing Addr City",
                    "",
                    "",
                    "InsuredMailingAddr.City",
                    "",
                    ""
                ],
                [
                    "Mailing Addr State",
                    "",
                    "",
                    "InsuredMailingAddr.StateProvCd",
                    "",
                    ""
                ],
                [
                    "Mailing Addr ZIP",
                    "",
                    "",
                    "InsuredMailingAddr.PostalCode",
                    "",
                    ""
                ],
                [
                    "Insurance Score",
                    "",
                    "",
                    "InsuredInsuranceScore.OverriddenInsuranceScore",
                    "",
                    ""
                ],
                [
                    "Copy Mail Addr",
                    "",
                    "",
                    "CopyAddress",
                    "",
                    ""
                ],
                [
                    "Create Application",
                    "",
                    "//*[@id=\"Bind\"]/span",
                    "",
                    "",
                    ""
                ],
                [
                    "Next Page",
                    "",
                    "//*[@id=\"NextPage\"]/span",
                    "",
                    "",
                    ""
                ],
                [
                    "Claim Year",
                    "",
                    "",
                    "Question_ClaimYr",
                    "",
                    ""
                ],
                [
                    "Select Customer",
                    "",
                    "",
                    "QuoteCustomerClearingRef_11",
                    "",
                    ""
                ],
                [
                    "Any Claim",
                    "",
                    "",
                    "Question_Losses",
                    "",
                    ""
                ],
                [
                    "Create App 2",
                    "",
                    "//*[@id=\"Bind\"]/span",
                    "",
                    "",
                    ""
                ],
                [
                    "Next Page 2",
                    "",
                    "//*[@id=\"NextPage\"]/span",
                    "",
                    "",
                    ""
                ]
            ],
            "collectionName": "Policy Screen"
        },
        {
            "elements": [
                [
                    "Is Losses ?",
                    "",
                    "",
                    "Question_Losses",
                    "",
                    ""
                ],
                [
                    "3 Years ?",
                    "",
                    "",
                    "Question_DeclineCancelNonRenew",
                    "",
                    ""
                ],
                [
                    "Bankcruptancy ?",
                    "",
                    "",
                    "Question_Bankruptcy",
                    "",
                    ""
                ],
                [
                    "Any Crime?",
                    "",
                    "",
                    "Question_Conviction",
                    "",
                    ""
                ],
                [
                    "Next Page",
                    "",
                    "//*[@id=\"NextPage\"]/span",
                    "",
                    "",
                    ""
                ]
            ],
            "collectionName": "Underwriting Questions"
        },
        {
            "elements": [
                [
                    "Protection Class",
                    "",
                    "",
                    "Building.ProtectionClassOverride",
                    "",
                    ""
                ],
                [
                    "Construction Type",
                    "",
                    "",
                    "Building.ConstructionCd",
                    "",
                    ""
                ],
                [
                    "Purchase Price",
                    "",
                    "",
                    "Building.PurchasePrice",
                    "",
                    ""
                ],
                [
                    "Year",
                    "",
                    "",
                    "Building.YearBuilt",
                    "",
                    ""
                ],
                [
                    "Square Footage",
                    "",
                    "",
                    "Building.SqFt",
                    "",
                    ""
                ],
                [
                    "Stories",
                    "",
                    "",
                    "Building.NumberOfRooms",
                    "",
                    ""
                ],
                [
                    "Household",
                    "",
                    "",
                    "Building.NumberOfHouseholdResidents",
                    "",
                    ""
                ],
                [
                    "Last 12 Months",
                    "",
                    "",
                    "Building.ContinuousInsCov",
                    "",
                    ""
                ],
                [
                    "Order Inspection",
                    "",
                    "",
                    "Building.OrderInspectionReport",
                    "",
                    ""
                ],
                [
                    "Any Protecting Devices ?",
                    "",
                    "",
                    "Building.ProtectiveDevices",
                    "",
                    ""
                ],
                [
                    "A/C or roofing?",
                    "",
                    "",
                    "Building.BuildingUpdates",
                    "",
                    ""
                ],
                [
                    "Door Lock",
                    "",
                    "",
                    "Building.Deadbolt",
                    "",
                    ""
                ],
                [
                    "Wiring?",
                    "",
                    "",
                    "Building.Wiring",
                    "",
                    ""
                ],
                [
                    "Electrical System Type",
                    "",
                    "",
                    "Building.ElectricalSystemType",
                    "",
                    ""
                ],
                [
                    "Plumbing System any Leaks?",
                    "",
                    "",
                    "Building.PlumbingSystemLeaks",
                    "",
                    ""
                ],
                [
                    "Roof Material",
                    "",
                    "",
                    "Building.RoofCd",
                    "",
                    ""
                ],
                [
                    "Wood Stove?",
                    "",
                    "",
                    "Building.WoodStove",
                    "",
                    ""
                ],
                [
                    "Primary Heat Type",
                    "",
                    "",
                    "Building.PrimaryHeatType",
                    "",
                    ""
                ],
                [
                    "County",
                    "",
                    "",
                    "RiskLookupAddr.County",
                    "",
                    ""
                ],
                [
                    "Secondary Heat Type",
                    "",
                    "",
                    "Building.SecondaryHeatType",
                    "",
                    ""
                ],
                [
                    "Installation Standards?",
                    "",
                    "",
                    "Building.ProfessionalWoodStove",
                    "",
                    ""
                ],
                [
                    "Coverage A - Dwelling",
                    "",
                    "",
                    "Building.CovALimit",
                    "",
                    ""
                ],
                [
                    "Agent Inspected ?",
                    "",
                    "",
                    "Question_AgentInspect",
                    "",
                    ""
                ],
                [
                    "Farming Conducted ?",
                    "",
                    "",
                    "Question_Farming",
                    "",
                    ""
                ],
                [
                    "Any Daycare ?",
                    "",
                    "",
                    "Question_DayCare",
                    "",
                    ""
                ],
                [
                    "Any Home Office ?",
                    "",
                    "",
                    "Question_HomeOffice",
                    "",
                    ""
                ],
                [
                    "Any Animals?",
                    "",
                    "",
                    "Question_Animals",
                    "",
                    ""
                ],
                [
                    "More than 1 Acre?",
                    "",
                    "",
                    "Question_Acreage",
                    "",
                    ""
                ],
                [
                    "Building Violations ?",
                    "",
                    "",
                    "Question_BuildingCodeViolations",
                    "",
                    ""
                ],
                [
                    "For Sale?",
                    "",
                    "",
                    "Question_ForSale",
                    "",
                    ""
                ],
                [
                    "Structure Converted?",
                    "",
                    "",
                    "Question_ConvertedStructure",
                    "",
                    ""
                ],
                [
                    "Renovation ?",
                    "",
                    "",
                    "Question_COC",
                    "",
                    ""
                ],
                [
                    "Next Page",
                    "",
                    "//*[@id=\"NextPage\"]/span",
                    "",
                    "",
                    ""
                ],
                [
                    "Closeout",
                    "",
                    "//*[@id=\"Closeout\"]/span",
                    "",
                    "",
                    ""
                ]
            ],
            "collectionName": "Dwelling Screen"
        },
        {
            "elements": [
                [
                    "Paytment Type",
                    "",
                    "",
                    "TransactionInfo.PaymentTypeCd",
                    "",
                    ""
                ],
                [
                    "Issue Policy",
                    "",
                    "//*[@id=\"Process\"]/span",
                    "",
                    "",
                    ""
                ],
                [
                    "Created Policy Number",
                    "",
                    "",
                    "GenericBusinessError",
                    "",
                    ""
                ]
            ],
            "collectionName": "Closeout Screen"
        }
    ],
    "projectName": "CPP TN"
}